Feature,Ridge_Coefficient,Lasso_Coefficient
area_sqft,6953436.643088047,6949148.925496024
bedrooms,291298.4565946525,289034.34161521867
bathrooms,273126.7114115801,267838.21235474094
location_score,3680071.77020972,3675390.181120092
property_age,-650059.3538831325,-641038.8801986724
distance_city_km,-27630.292968451406,-20646.22516031208
near_school,15677.290328452216,5220.128427179465
near_metro,52603.28989644563,42779.84192107065
crime_rate_index,-140649.13757277848,-131075.76468755747
sale_year,301084.39691191155,291245.8115086342
sale_month,17399.055239482877,7208.987257863013
